position,sequence_dna,sequence_rna,gc_pct,aa_start,uu_end,pos1_A,pos10_U,pos13_notG,pos19_notGC,score,sidirect2_validated
1293-1313,AAGGGAATCTTCTGGAAGACC,AAGGGAAUCUUCUGGAAGACC,47.6,True,False,True,True,True,True,5,False
484-504,AGACACAACTCAAGGCTCAGA,AGACACAACUCAAGGCUCAGA,47.6,False,False,True,True,True,True,4,False
760-780,AGAGTGGACTATTTGAAATCC,AGAGUGGACUAUUUGAAAUCC,38.1,False,False,True,True,True,True,4,False
811-831,ACTGCAAGATGACCTCAGATG,ACUGCAAGAUGACCUCAGAUG,47.6,False,False,True,True,True,True,4,False
828-848,GATGGAGGCTGGACAGTAATT,GAUGGAGGCUGGACAGUAAUU,47.6,False,True,False,True,True,True,4,False
1290-1310,AAGAAGGGAATCTTCTGGAAG,AAGAAGGGAAUCUUCUGGAAG,42.9,True,False,True,False,True,True,4,False
1291-1311,AGAAGGGAATCTTCTGGAAGA,AGAAGGGAAUCUUCUGGAAGA,42.9,False,False,True,True,True,True,4,False
490-510,AACTCAAGGCTCAGAACAGCA,AACUCAAGGCUCAGAACAGCA,47.6,True,False,True,False,True,False,3,False
513-533,ATCCAGCAACTCTTCCACAAG,AUCCAGCAACUCUUCCACAAG,47.6,False,False,True,False,True,True,3,False
575-595,AATTCAGCATCTGCAAAGCCA,AAUUCAGCAUCUGCAAAGCCA,42.9,True,False,True,True,False,False,3,False
577-597,TTCAGCATCTGCAAAGCCAGT,UUCAGCAUCUGCAAAGCCAGU,47.6,False,False,False,True,True,True,3,False
579-599,CAGCATCTGCAAAGCCAGTTT,CAGCAUCUGCAAAGCCAGUUU,47.6,False,True,False,False,True,True,3,False
755-775,GAGGCAGAGTGGACTATTTGA,GAGGCAGAGUGGACUAUUUGA,47.6,False,False,False,True,True,True,3,False
763-783,GTGGACTATTTGAAATCCAGC,GUGGACUAUUUGAAAUCCAGC,42.9,False,False,False,True,True,True,3,False
767-787,ACTATTTGAAATCCAGCCTCA,ACUAUUUGAAAUCCAGCCUCA,38.1,False,False,True,False,True,True,3,False
769-789,TATTTGAAATCCAGCCTCAGG,UAUUUGAAAUCCAGCCUCAGG,42.9,False,False,False,True,True,True,3,False
804-824,TTGGTGAACTGCAAGATGACC,UUGGUGAACUGCAAGAUGACC,47.6,False,False,False,True,True,True,3,False
810-830,AACTGCAAGATGACCTCAGAT,AACUGCAAGAUGACCUCAGAU,42.9,True,False,True,False,True,False,3,False
829-849,ATGGAGGCTGGACAGTAATTC,AUGGAGGCUGGACAGUAAUUC,47.6,False,False,True,False,True,True,3,False
943-963,TGGAGAAGGTGCATAGCATCA,UGGAGAAGGUGCAUAGCAUCA,47.6,False,False,False,True,True,True,3,False
1282-1302,AGAAGCTTAAGAAGGGAATCT,AGAAGCUUAAGAAGGGAAUCU,38.1,False,False,True,False,True,True,3,False
1284-1304,AAGCTTAAGAAGGGAATCTTC,AAGCUUAAGAAGGGAAUCUUC,38.1,True,False,True,False,False,True,3,False
486-506,ACACAACTCAAGGCTCAGAAC,ACACAACUCAAGGCUCAGAAC,47.6,False,False,True,False,False,True,2,False
487-507,CACAACTCAAGGCTCAGAACA,CACAACUCAAGGCUCAGAACA,47.6,False,False,False,False,True,True,2,False
488-508,ACAACTCAAGGCTCAGAACAG,ACAACUCAAGGCUCAGAACAG,47.6,False,False,True,False,True,False,2,False
571-591,TGCGAATTCAGCATCTGCAAA,UGCGAAUUCAGCAUCUGCAAA,42.9,False,False,False,False,True,True,2,False
572-592,GCGAATTCAGCATCTGCAAAG,GCGAAUUCAGCAUCUGCAAAG,47.6,False,False,False,False,True,True,2,False
573-593,CGAATTCAGCATCTGCAAAGC,CGAAUUCAGCAUCUGCAAAGC,47.6,False,False,False,False,True,True,2,False
576-596,ATTCAGCATCTGCAAAGCCAG,AUUCAGCAUCUGCAAAGCCAG,47.6,False,False,True,False,True,False,2,False
578-598,TCAGCATCTGCAAAGCCAGTT,UCAGCAUCUGCAAAGCCAGUU,47.6,False,True,False,False,True,False,2,False
580-600,AGCATCTGCAAAGCCAGTTTG,AGCAUCUGCAAAGCCAGUUUG,47.6,False,False,True,False,False,True,2,False
753-773,GAGAGGCAGAGTGGACTATTT,GAGAGGCAGAGUGGACUAUUU,47.6,False,True,False,False,False,True,2,False
754-774,AGAGGCAGAGTGGACTATTTG,AGAGGCAGAGUGGACUAUUUG,47.6,False,False,True,False,False,True,2,False
756-776,AGGCAGAGTGGACTATTTGAA,AGGCAGAGUGGACUAUUUGAA,42.9,False,False,True,False,True,False,2,False
757-777,GGCAGAGTGGACTATTTGAAA,GGCAGAGUGGACUAUUUGAAA,42.9,False,False,False,False,True,True,2,False
758-778,GCAGAGTGGACTATTTGAAAT,GCAGAGUGGACUAUUUGAAAU,38.1,False,False,False,False,True,True,2,False
759-779,CAGAGTGGACTATTTGAAATC,CAGAGUGGACUAUUUGAAAUC,38.1,False,False,False,False,True,True,2,False
762-782,AGTGGACTATTTGAAATCCAG,AGUGGACUAUUUGAAAUCCAG,38.1,False,False,True,True,False,False,2,False
764-784,TGGACTATTTGAAATCCAGCC,UGGACUAUUUGAAAUCCAGCC,42.9,False,False,False,True,True,False,2,False
807-827,GTGAACTGCAAGATGACCTCA,GUGAACUGCAAGAUGACCUCA,47.6,False,False,False,False,True,True,2,False
827-847,AGATGGAGGCTGGACAGTAAT,AGAUGGAGGCUGGACAGUAAU,47.6,False,False,True,False,False,True,2,False
830-850,TGGAGGCTGGACAGTAATTCA,UGGAGGCUGGACAGUAAUUCA,47.6,False,False,False,False,True,True,2,False
832-852,GAGGCTGGACAGTAATTCAGA,GAGGCUGGACAGUAAUUCAGA,47.6,False,False,False,False,True,True,2,False
833-853,AGGCTGGACAGTAATTCAGAG,AGGCUGGACAGUAAUUCAGAG,47.6,False,False,True,False,True,False,2,False
1279-1299,GGCAGAAGCTTAAGAAGGGAA,GGCAGAAGCUUAAGAAGGGAA,47.6,False,False,False,True,True,False,2,False
1280-1300,GCAGAAGCTTAAGAAGGGAAT,GCAGAAGCUUAAGAAGGGAAU,42.9,False,False,False,True,False,True,2,False
1281-1301,CAGAAGCTTAAGAAGGGAATC,CAGAAGCUUAAGAAGGGAAUC,42.9,False,False,False,False,True,True,2,False
1285-1305,AGCTTAAGAAGGGAATCTTCT,AGCUUAAGAAGGGAAUCUUCU,38.1,False,False,True,False,False,True,2,False
1287-1307,CTTAAGAAGGGAATCTTCTGG,CUUAAGAAGGGAAUCUUCUGG,42.9,False,False,False,False,True,True,2,False
1294-1314,AGGGAATCTTCTGGAAGACCT,AGGGAAUCUUCUGGAAGACCU,47.6,False,False,True,True,False,False,2,False
512-532,GATCCAGCAACTCTTCCACAA,GAUCCAGCAACUCUUCCACAA,47.6,False,False,False,False,True,False,1,False
570-590,CTGCGAATTCAGCATCTGCAA,CUGCGAAUUCAGCAUCUGCAA,47.6,False,False,False,False,True,False,1,False
574-594,GAATTCAGCATCTGCAAAGCC,GAAUUCAGCAUCUGCAAAGCC,47.6,False,False,False,False,True,False,1,False
761-781,GAGTGGACTATTTGAAATCCA,GAGUGGACUAUUUGAAAUCCA,38.1,False,False,False,False,True,False,1,False
765-785,GGACTATTTGAAATCCAGCCT,GGACUAUUUGAAAUCCAGCCU,42.9,False,False,False,False,True,False,1,False
766-786,GACTATTTGAAATCCAGCCTC,GACUAUUUGAAAUCCAGCCUC,42.9,False,False,False,False,True,False,1,False
768-788,CTATTTGAAATCCAGCCTCAG,CUAUUUGAAAUCCAGCCUCAG,42.9,False,False,False,False,True,False,1,False
770-790,ATTTGAAATCCAGCCTCAGGG,AUUUGAAAUCCAGCCUCAGGG,47.6,False,False,True,False,False,False,1,False
803-823,TTTGGTGAACTGCAAGATGAC,UUUGGUGAACUGCAAGAUGAC,42.9,False,False,False,False,True,False,1,False
805-825,TGGTGAACTGCAAGATGACCT,UGGUGAACUGCAAGAUGACCU,47.6,False,False,False,False,True,False,1,False
808-828,TGAACTGCAAGATGACCTCAG,UGAACUGCAAGAUGACCUCAG,47.6,False,False,False,False,True,False,1,False
809-829,GAACTGCAAGATGACCTCAGA,GAACUGCAAGAUGACCUCAGA,47.6,False,False,False,False,False,True,1,False
813-833,TGCAAGATGACCTCAGATGGA,UGCAAGAUGACCUCAGAUGGA,47.6,False,False,False,False,True,False,1,False
1283-1303,GAAGCTTAAGAAGGGAATCTT,GAAGCUUAAGAAGGGAAUCUU,38.1,False,True,False,False,False,False,1,False
1286-1306,GCTTAAGAAGGGAATCTTCTG,GCUUAAGAAGGGAAUCUUCUG,42.9,False,False,False,False,True,False,1,False
1288-1308,TTAAGAAGGGAATCTTCTGGA,UUAAGAAGGGAAUCUUCUGGA,38.1,False,False,False,False,True,False,1,False
1289-1309,TAAGAAGGGAATCTTCTGGAA,UAAGAAGGGAAUCUUCUGGAA,38.1,False,False,False,False,True,False,1,False
1292-1312,GAAGGGAATCTTCTGGAAGAC,GAAGGGAAUCUUCUGGAAGAC,47.6,False,False,False,False,True,False,1,False
485-505,GACACAACTCAAGGCTCAGAA,GACACAACUCAAGGCUCAGAA,47.6,False,False,False,False,False,False,0,False
941-961,TCTGGAGAAGGTGCATAGCAT,UCUGGAGAAGGUGCAUAGCAU,47.6,False,False,False,False,False,False,0,False
1285-1307,AGCTTAAGAAGGGAATCTTCTGG,AGCTTAAGAAGGGAATCTTCTGG,ok,,,,,,,,True
