position,sequence_dna,sequence_rna,gc_pct,aa_start,uu_end,pos1_A,pos10_U,pos13_notG,pos19_A,score,sidirect2_validated,isoform_coverage,isoform_hits,isoform_total
2411-2432,AATAGATCATTCTCAGGAACTT,AAUAGAUCAUUCUCAGGAACUU,31.8,True,True,True,True,True,True,6,True,ALL,3,3
1552-1576,AAGCAGTAGTGGAAGCTAAGAAGTT,AAGCAGUAGUGGAAGCUAAGAAGUU,40.0,True,True,True,True,True,True,6,True,ALL,3,3
2411-2437,AATAGATCATTCTCAGGAACTTCAGTT,AAUAGAUCAUUCUCAGGAACUUCAGUU,33.3,True,True,True,True,True,True,6,True,ALL,3,3
504-522,AAGAGCATCTTCAAAGGAA,AAGAGCAUCUUCAAAGGAA,36.8,True,False,True,True,True,True,5,True,ALL,3,3
1533-1551,AATGAAGGCTGCAAACTCA,AAUGAAGGCUGCAAACUCA,42.1,True,False,True,True,True,True,5,True,ALL,3,3
1552-1570,AAGCAGTAGTGGAAGCTAA,AAGCAGUAGUGGAAGCUAA,42.1,True,False,True,True,True,True,5,True,ALL,3,3
1770-1788,AAGAAGACCTTAAACAGAA,AAGAAGACCUUAAACAGAA,31.6,True,False,True,True,True,True,5,True,ALL,3,3
1782-1800,AACAGAATATACCACCAAA,AACAGAAUAUACCACCAAA,31.6,True,False,True,True,True,True,5,True,ALL,3,3
2411-2429,AATAGATCATTCTCAGGAA,AAUAGAUCAUUCUCAGGAA,31.6,True,False,True,True,True,True,5,True,ALL,3,3
2809-2827,AATTCCCGCTCCATCAAGA,AAUUCCCGCUCCAUCAAGA,47.4,True,False,True,True,True,True,5,True,ALL,3,3
